id,userId,type,title,content,language,targetCountry,createdAt,updatedAt
1,1,resume,Currículo - CAN,"## JOÃO SILVA
**Seasonal Farm Worker Applicant**

**Phone:** +55 11 99999-9999 | **Email:** joao@example.com | **Location:** São Paulo, SP, Brazil

---

### PROFESSIONAL SUMMARY

Highly motivated and physically fit Farm Worker with **5 years of dedicated experience** in agricultural production environments. Proven ability to execute demanding manual labor, operate essential farm machinery, and maintain high standards of efficiency during peak harvesting seasons. Seeking a challenging and rewarding seasonal farm worker position in Canada where strong work ethic and practical skills can contribute directly to operational success.

---

### CORE COMPETENCIES & SKILLS

| Category | Skills |
| :--- | :--- |
| **Agricultural Operations** | Crop Harvesting (manual and mechanized), Planting, Weeding, Irrigation setup and monitoring, Post-harvest handling. |
| **Equipment & Machinery** | Tractor operation (basic), ATV/Utility Vehicle operation, Hand tools, Power tools, Basic equipment maintenance. |
| **Workplace Attributes** | Physical Stamina, Reliability, Safety Conscious, Team Collaboration, Adaptability to weather conditions, Following detailed instructions. |
| **Language** | Portuguese (Native), English (Basic conversational ability - *Adjust based on actual proficiency*). |

---

### PROFESSIONAL EXPERIENCE

**FARM WORKER** | 2018 – Present
*Various Farms, São Paulo Region, Brazil*

Dedicated farm worker responsible for supporting all aspects of the crop cycle, ensuring timely and quality production output.

**Key Responsibilities & Achievements:**

*   **Harvesting Expertise:** Successfully participated in the manual and mechanized harvesting of various crops (e.g., fruits, vegetables, grains), consistently meeting daily production quotas.
*   **Equipment Operation:** Operated and maintained specialized farm equipment, including small tractors and utility vehicles, for tasks such as tilling, hauling, and field preparation.
*   **Physical Labor:** Performed rigorous manual tasks, including lifting heavy materials (up to 50 lbs), bending, and standing for extended periods in various weather conditions.
*   **Field Maintenance:** Assisted in setting up and monitoring irrigation systems, applying fertilizers, and performing essential weeding and pruning activities to ensure crop health.
*   **Safety Compliance:** Adhered strictly to all farm safety protocols regarding chemical handling, equipment operation, and workplace procedures to maintain a safe working environment.

---

### EDUCATION & TRAINING

**HIGH SCHOOL DIPLOMA**
*School Name (If applicable), São Paulo, Brazil* | Completed Year

**RELEVANT TRAINING / CERTIFICATIONS**
* (Optional: Include any specific certifications like First Aid, basic machinery safety, or pesticide application training if held.)*

---

### ADDITIONAL INFORMATION

*   **Availability:** Available to start immediately upon visa approval for the upcoming agricultural season.
*   **Work Ethic:** Proven ability to work long hours, including early mornings, weekends, and holidays, during peak season demands.
*   **Adaptability:** Experienced in quickly learning new agricultural techniques and adapting to different farm environments and team structures.",en,CAN,2025-11-21 15:34:51,2025-11-21 15:34:51
2,1,resume,Currículo - CAN,"## JOÃO SILVA
**Farm Worker | Seasonal Agriculture Specialist**

| | |
| :--- | :--- |
| **Email:** | joao@example.com |
| **Phone:** | +55 11 99999-9999 |
| **Location:** | São Paulo, Brazil |

---

### PROFESSIONAL SUMMARY

Highly motivated and physically capable farm worker with five years of dedicated experience in agricultural operations, specializing in crop harvesting and equipment handling. Seeking a challenging seasonal farm worker position in Canada (CAN) where reliability, strong work ethic, and practical skills can contribute directly to successful harvest and production cycles. Proven ability to adapt quickly to new environments and work effectively in fast-paced, outdoor settings.

---

### KEY SKILLS & COMPETENCIES

**Agricultural Operations**
*   **Harvesting Expertise:** Proficient in manual and mechanized harvesting techniques for various crops (e.g., fruits, vegetables, grains).
*   **Equipment Operation:** Experienced in operating and performing basic maintenance on farm machinery (e.g., tractors, specialized harvesters, utility vehicles).
*   **Physical Stamina:** Excellent physical condition, capable of performing strenuous labor, heavy lifting, and working long hours in diverse weather conditions.
*   **Safety & Compliance:** Strict adherence to farm safety protocols and operational guidelines.

**Work Ethic & Reliability**
*   **Teamwork:** Proven ability to collaborate effectively with diverse teams and follow detailed instructions from supervisors.
*   **Efficiency:** Focus on maximizing output and maintaining high quality standards during peak harvest seasons.
*   **Adaptability:** Quick learner, able to master new tasks and adjust to varied crop requirements and farming methods.

---

### PROFESSIONAL EXPERIENCE

**FARM WORKER**
*Various Farms and Agricultural Operations*, São Paulo, Brazil
**[Start Year] – Present (5 Years)**

Dedicated role focusing on the full cycle of agricultural production, with a strong emphasis on seasonal labor and operational efficiency.

**Key Responsibilities & Achievements:**

*   **Harvest Management:** Successfully participated in five consecutive harvest seasons, consistently meeting daily production quotas for manual and mechanized harvesting.
*   **Machinery Use:** Operated and maintained essential farm equipment, ensuring machinery was clean and operational to minimize downtime during critical periods.
*   **Crop Handling:** Performed pre- and post-harvest tasks including weeding, pruning, sorting, packing, and loading produce for transport.
*   **Field Preparation:** Assisted in soil preparation, planting, irrigation setup, and general field maintenance as directed by farm managers.
*   **Labor Intensive Tasks:** Regularly performed physically demanding tasks, including lifting heavy bags (up to 50 lbs) and working extended shifts during peak season requirements.

---

### EDUCATION

**HIGH SCHOOL DIPLOMA**
[Name of School], São Paulo, Brazil
[Year of Graduation]

---

### ADDITIONAL INFORMATION

*   **Availability:** Immediately available for the upcoming seasonal work period.
*   **Work Authorization:** Eligible to apply for necessary Canadian work permits (e.g., Temporary Foreign Worker Program).
*   **Language:** Portuguese (Native), Basic English (Functional for workplace instructions).",en,CAN,2025-11-21 15:35:19,2025-11-21 15:35:19
3,1,cover_letter,Carta de Apresentação - NOR,"## Carta de Apresentação (Cover Letter)

**[Seu Nome Completo]**
Maria Santos
[Seu Endereço Completo]
[Seu Telefone]
[Seu Email]

**[Data]**

**[Nome do Gerente de Contratação, se conhecido, ou Departamento de RH]**
[Título do Gerente de Contratação]
[Nome do Hotel/Empresa]
[Endereço do Hotel/Empresa na Noruega]

**Assunto: Candidatura para Vaga de Staff de Hotel (Trabalho Sazonal) – Maria Santos**

Prezado(a) [Nome do Gerente de Contratação ou ""Departamento de Recursos Humanos""],

Escrevo para expressar meu grande interesse na posição de Staff de Hotel para a temporada [Indicar a temporada, ex: Verão 2024/2025 ou Inverno 2024], conforme anunciado. Com três anos de experiência sólida na área de hospitalidade e um profundo entusiasmo pela cultura e pelo ambiente de trabalho norueguês, acredito possuir as habilidades e a dedicação necessárias para contribuir significativamente com a sua equipe.

Minha trajetória profissional tem sido focada em garantir a satisfação do hóspede e manter um ambiente impecável. Ao longo dos últimos três anos, desenvolvi proficiência em diversas áreas essenciais para a operação hoteleira, incluindo:

*   **Atendimento ao Cliente:** Habilidade comprovada em interagir de forma cortês e eficiente com hóspedes de diversas nacionalidades, resolvendo solicitações e garantindo uma experiência positiva do check-in ao check-out.
*   **Serviços de Limpeza e Manutenção:** Experiência detalhada em *housekeeping*, assegurando que todos os quartos e áreas comuns atendam aos mais altos padrões de higiene e apresentação.

A Noruega, com sua reputação de excelência em serviços e sua rica cultura de trabalho baseada em confiança e responsabilidade (*tillit*), sempre foi um destino de grande admiração para mim. Estou totalmente preparada para me adaptar a um novo ambiente, aprender rapidamente os procedimentos internos e contribuir com uma atitude proativa e positiva.

Busco esta oportunidade sazonal não apenas como um emprego, mas como uma chance de imersão cultural e crescimento profissional. Estou ansiosa para aplicar minha ética de trabalho brasileira — conhecida pela cordialidade e dedicação — em um contexto internacional e contribuir para que os hóspedes do seu hotel desfrutem da hospitalidade norueguesa em sua melhor forma.

Agradeço a sua atenção e tempo dedicados à análise da minha candidatura. Anexo meu currículo para sua revisão e estou à disposição para uma entrevista por vídeo, onde poderei detalhar minhas qualificações e demonstrar meu entusiasmo pela vaga.

Atenciosamente,

Maria Santos
[Sua Assinatura, se enviada em papel]",pt-BR,NOR,2025-11-21 15:35:26,2025-11-21 15:35:26
30001,1,resume,Currículo - CAN,"## JOÃO SILVA

**Farm Worker | Crop Harvesting & Equipment Operation**

| **Contact** | |
| :--- | :--- |
| **Email:** | joao@example.com |
| **Phone (Brazil):** | +55 11 99999-9999 |
| **Location:** | São Paulo, SP, Brazil |

---

## PROFESSIONAL PROFILE

Highly motivated and physically fit farm worker with five years of dedicated experience in agricultural environments. Proven ability to perform demanding physical labor, operate essential farm machinery, and contribute effectively to high-volume harvesting operations. Seeking a challenging seasonal farm worker position in Canada where practical skills and strong work ethic can immediately benefit production goals.

---

## CORE COMPETENCIES

*   **Agricultural Operations:** Expertise in manual and mechanized crop harvesting, field preparation, and post-harvest handling.
*   **Equipment Operation:** Proficient in the safe and efficient operation of tractors, loaders, and various farm implements.
*   **Physical Stamina:** Demonstrated ability to work long hours in various weather conditions, lift heavy materials, and maintain high productivity levels.
*   **Safety & Compliance:** Strong commitment to workplace safety protocols and proper handling of tools and machinery.
*   **Teamwork & Reliability:** Excellent record of reliability, punctuality, and collaborating effectively with diverse teams to meet tight production schedules.

---

## PROFESSIONAL EXPERIENCE

**FARM WORKER**
*Various Farms, São Paulo State, Brazil*
| **Dates:** | 2019 – Present (5 Years) |

Dedicated five years to agricultural production, focusing on maximizing yield and efficiency across various crop cycles.

**Key Responsibilities & Achievements:**

*   **Harvesting & Production:** Successfully participated in the manual and mechanized harvesting of various crops (e.g., fruits, vegetables, grains), consistently meeting or exceeding daily quotas.
*   **Machinery Operation:** Regularly operated and maintained farm equipment, including tractors for tilling and planting, ensuring all machinery was handled safely and efficiently.
*   **Field Maintenance:** Performed essential pre- and post-season tasks, including field preparation, weeding, irrigation setup, and general farm maintenance.
*   **Quality Control:** Assisted in the sorting, grading, and packing of harvested produce to ensure quality standards were met before distribution.
*   **Physical Labor:** Consistently performed intense physical labor, including heavy lifting (up to 50 lbs), bending, and standing for extended periods, demonstrating excellent physical endurance.

---

## EDUCATION

**HIGH SCHOOL DIPLOMA**
*Name of High School (If applicable), São Paulo, Brazil*
| **Completion Date:** | [Year of Completion] |

---

## ADDITIONAL INFORMATION

*   **Target Role:** Seasonal Farm Worker / General Laborer.
*   **Availability:** Immediately available for seasonal work upon receipt of necessary permits.
*   **Language:** Portuguese (Native), Basic English (Willingness to learn and adapt quickly).
*   **Work Ethic:** Highly adaptable, quick learner, and committed to following detailed instructions from supervisors.",en,CAN,2025-11-21 16:11:41,2025-11-21 16:11:41
30002,1,cover_letter,Carta de Apresentação - NOR,"## Carta de Apresentação (Cover Letter)

**Assunto:** Candidatura para Posição de Staff de Hotel (Sazonal) - Maria Santos

[Data, ex: 15 de Outubro de 2023]

[Nome do Gerente de Contratação ou ""Departamento de Recursos Humanos""]
[Nome da Empresa/Hotel]
[Endereço da Empresa/Hotel na Noruega]

**Prezado(a) [Nome do Gerente ou Recrutador(a)] / Prezado(a) Departamento de Recursos Humanos,**

Escrevo para expressar meu grande entusiasmo e interesse na posição sazonal de Staff de Hotel, conforme anunciado para a sua renomada operação na Noruega.

Com três anos de experiência consolidada no setor de hospitalidade, possuo as habilidades e a dedicação necessárias para contribuir significativamente com a excelência do serviço oferecido pelo seu estabelecimento. Minha trajetória profissional tem sido focada em garantir a satisfação do hóspede e manter os mais altos padrões de higiene e organização.

**Destaques da minha experiência e qualificações:**

*   **Atendimento ao Cliente:** Possuo forte habilidade em comunicação e resolução de problemas, garantindo que cada hóspede receba um tratamento acolhedor e profissional, superando expectativas e promovendo uma experiência positiva.
*   **Serviços de Limpeza e Manutenção:** Sou extremamente organizada e eficiente, com experiência prática em limpeza profunda de quartos, áreas comuns e manutenção de inventário, garantindo que o ambiente do hotel esteja sempre impecável e pronto para receber os hóspedes.
*   **Adaptabilidade e Proatividade:** Estou acostumada a trabalhar em ambientes dinâmicos e de ritmo acelerado, e sou rápida em aprender novos procedimentos e me adaptar às necessidades específicas de cada temporada e cultura de trabalho.

A oportunidade de trabalhar na Noruega, um país conhecido por seu alto padrão de qualidade de vida e hospitalidade, é particularmente atraente. Valorizo profundamente a cultura de trabalho norueguesa, baseada na confiança, pontualidade e respeito mútuo, e estou ansiosa para integrar esses valores ao meu desempenho profissional.

Estou totalmente disponível para o período sazonal e sou uma candidata motivada, dedicada e pronta para iniciar imediatamente. Meu currículo anexo fornece detalhes adicionais sobre minhas qualificações.

Agradeço a sua atenção e o tempo dedicado à análise da minha candidatura. Aguardo ansiosamente a oportunidade de discutir como minhas habilidades podem beneficiar a sua equipe.

Atenciosamente,

Maria Santos
[Seu Telefone (incluindo código do país, ex: +55 XX XXXXX-XXXX)]
[Seu E-mail]
[Seu LinkedIn (Opcional)]",pt-BR,NOR,2025-11-21 16:11:48,2025-11-21 16:11:48
60001,1,resume,Currículo - CAN,"## JOÃO SILVA
Seasonal Farm Worker

**Email:** joao@example.com | **Phone:** +55 11 99999-9999 | **Location:** São Paulo, SP (Willing to relocate for seasonal contract)

---

### PROFESSIONAL SUMMARY

Highly motivated and physically fit Farm Worker with **5 years of dedicated experience** in agricultural production environments. Proven ability to perform intensive manual labor, operate essential farm machinery, and consistently meet demanding production targets during peak harvesting seasons. Seeking a seasonal farm worker position in Canada (CAN) where reliability, efficiency, and strong work ethic are valued.

---

### KEY SKILLS & COMPETENCIES

| Category | Skills |
| :--- | :--- |
| **Agricultural Operations** | Crop Harvesting (manual and mechanical), Planting, Weeding, Irrigation setup and monitoring, Post-harvest handling, Field preparation. |
| **Equipment & Machinery** | Operation of tractors, ATVs, utility vehicles, basic maintenance checks, familiarity with various harvesting tools and implements. |
| **Work Ethic & Safety** | Excellent stamina and physical endurance, ability to work long hours in various weather conditions, adherence to strict safety protocols (PPE, machinery operation). |
| **Communication** | Basic English (functional for workplace instruction), Native Portuguese. |

---

### PROFESSIONAL EXPERIENCE

**FARM WORKER**
*Various Farms, São Paulo State, Brazil*
| **Dates:** | 2018 – Present (5 Years) |

**Key Responsibilities & Achievements:**

*   **Harvesting Efficiency:** Consistently participated in high-volume harvesting operations (including [*If possible, insert specific crops like coffee, sugarcane, fruits, vegetables*]), meeting daily quotas and minimizing crop damage.
*   **Equipment Operation:** Safely operated and maintained various farm vehicles and machinery, ensuring proper function and reporting mechanical issues promptly.
*   **Manual Labor:** Performed rigorous manual tasks including planting, pruning, weeding, and loading/unloading materials, demonstrating high physical stamina and reliability.
*   **Field Maintenance:** Assisted in preparing fields for planting, including soil preparation, applying fertilizers, and setting up temporary irrigation systems.
*   **Teamwork:** Worked effectively within diverse teams to coordinate large-scale agricultural tasks, ensuring timely completion of seasonal goals.
*   **Safety Compliance:** Strict adherence to farm safety regulations and proper handling procedures for tools and equipment.

---

### EDUCATION

**HIGH SCHOOL DIPLOMA (Ensino Médio)**
*São Paulo, Brazil*
| **Completion:** | [Year of Completion - e.g., 2017] |

---

### ADDITIONAL INFORMATION

*   **Availability:** Immediately available for seasonal contracts.
*   **Physical Fitness:** Excellent health and physical condition, accustomed to demanding agricultural labor.
*   **Documentation:** Possesses necessary documentation for international seasonal work applications (e.g., passport, medical checks).",en,CAN,2025-11-25 04:14:59,2025-11-25 04:14:59
60002,1,cover_letter,Carta de Apresentação - NOR,"## Carta de Apresentação – Candidatura para Vaga Sazonal (Noruega)

[Seu Nome Completo]
Maria Santos
[Seu Endereço Completo]
[Seu Telefone]
[Seu E-mail]
[Seu LinkedIn (Opcional)]

**[Data da Candidatura]**

**[Nome do Gerente de Contratação ou ""Departamento de Recursos Humanos""]**
[Título do Gerente de Contratação, se conhecido]
[Nome do Hotel/Empresa]
[Endereço do Hotel/Empresa]
[Cidade, País – Ex: Oslo, Noruega]

**Assunto:** Candidatura para Vaga Sazonal – Equipe de Hotel – Maria Santos

Prezado(a) Senhor(a) [Sobrenome do Gerente, se conhecido] ou Prezado(a) Departamento de Recursos Humanos,

Escrevo para expressar meu grande entusiasmo pela oportunidade de integrar a equipe do [Nome do Hotel, se conhecido] como Colaboradora Sazonal de Hotel, conforme anunciado em [Onde você viu a vaga, se aplicável].

Com três anos de experiência sólida no setor de hospitalidade no Brasil, desenvolvi um conjunto robusto de habilidades essenciais para garantir a satisfação dos hóspedes e a excelência operacional. Minha experiência abrange desde o atendimento direto ao cliente até a manutenção rigorosa dos padrões de limpeza e organização.

**Destaques da Minha Experiência e Habilidades:**

*   **Atendimento ao Cliente:** Sou altamente proficiente em lidar com interações multiculturais, garantindo que todos os hóspedes se sintam bem-vindos e confortáveis. Tenho um histórico comprovado em resolver solicitações e problemas de forma rápida, eficiente e com uma atitude sempre positiva.
*   **Limpeza e Organização:** Possuo experiência detalhada em procedimentos de *housekeeping*, incluindo a limpeza e preparação de quartos e áreas comuns, sempre mantendo os mais altos padrões de higiene e apresentação exigidos em ambientes hoteleiros de alta qualidade.
*   **Adaptabilidade:** Estou acostumada a trabalhar em ambientes dinâmicos e de ritmo acelerado, demonstrando excelente capacidade de gestão do tempo e disposição para assumir novas responsabilidades conforme a necessidade da equipe sazonal.

**Motivação para Trabalhar na Noruega:**

A Noruega é reconhecida mundialmente não apenas por sua beleza natural espetacular, mas também por sua cultura de trabalho baseada na confiança, pontualidade e respeito mútuo. Estou ansiosa para contribuir com meu profissionalismo e dedicação, ao mesmo tempo em que me adapto e aprendo sobre a cultura norueguesa (*dugnad* e a valorização da natureza, por exemplo). Entendo a importância da eficiência e da qualidade no serviço sazonal e estou totalmente preparada para oferecer o meu melhor durante toda a temporada.

Estou disponível para iniciar o trabalho na data estipulada e sou uma candidata dedicada e motivada a fazer da estadia de cada hóspede uma experiência memorável.

Agradeço a sua atenção e o tempo dedicado à análise da minha candidatura. Anexo meu currículo para sua revisão e estou à disposição para uma entrevista por vídeo, onde poderei detalhar como minhas habilidades podem beneficiar o [Nome do Hotel].

Atenciosamente,

Maria Santos
***",pt-BR,NOR,2025-11-25 04:15:06,2025-11-25 04:15:06
90001,1,resume,Currículo - CAN,"## JOÃO SILVA
Farm Worker | Skilled in Crop Harvesting and Equipment Operation

**Phone:** +55 11 99999-9999
**Email:** joao@example.com
**Location:** São Paulo, SP (Willing to relocate for seasonal contract work)

---

## PROFESSIONAL SUMMARY

Highly motivated and physically fit Farm Worker with **5 years of dedicated experience** in agricultural production environments. Proven ability to perform intensive manual labor, operate essential farm machinery, and contribute effectively to high-volume harvesting operations. Seeking a challenging seasonal Farm Worker position in Canada (CAN) where reliability, efficiency, and practical skills are valued.

---

## CORE COMPETENCIES

| Agricultural Skills | Equipment Operation | Work Ethic & Safety |
| :--- | :--- | :--- |
| Crop Harvesting (various types) | Tractors and Utility Vehicles | Punctuality and Reliability |
| Manual Labor & Heavy Lifting | Basic Maintenance & Troubleshooting | Adherence to Safety Protocols |
| Field Preparation & Planting | Hand and Power Tools Proficiency | Team Collaboration |
| Irrigation Management | Loading/Unloading Materials | Endurance for Long Shifts |

---

## PROFESSIONAL EXPERIENCE

**FARM WORKER**
*Various Farms and Agricultural Operations, São Paulo, Brazil*
*2018 – Present (5 Years)*

Dedicated and experienced Farm Worker responsible for all phases of the crop cycle, ensuring high productivity and quality standards.

**Key Responsibilities & Achievements:**

*   **Harvesting Efficiency:** Consistently met or exceeded daily quotas for manual crop harvesting (e.g., fruits, vegetables, grains), maintaining speed and minimizing damage to produce.
*   **Equipment Operation:** Safely operated and maintained various farm equipment, including tractors, cultivators, and utility vehicles, for tasks such as plowing, planting, and material transport.
*   **Physical Labor:** Regularly performed intensive manual labor, including bending, lifting heavy loads (up to 50 lbs), digging, and carrying materials across large fields for extended periods.
*   **Field Maintenance:** Assisted in field preparation, including clearing debris, laying irrigation lines, and applying fertilizers under supervision.
*   **Teamwork & Safety:** Worked effectively within small teams to complete large-scale tasks on tight deadlines, strictly adhering to all farm safety regulations and equipment guidelines.

---

## EDUCATION

**HIGH SCHOOL DIPLOMA**
*[Name of School, if applicable], São Paulo, Brazil*
*Completed [Year]*

---

## ADDITIONAL INFORMATION

*   **Physical Stamina:** Excellent physical condition and endurance necessary to perform strenuous work outdoors in varied weather conditions (heat, cold, rain).
*   **Adaptability:** Proven ability to quickly learn new techniques and adapt to different crop types and farm management styles.
*   **Availability:** Fully available for seasonal contract work and prepared for immediate relocation.",en,CAN,2025-11-25 04:34:02,2025-11-25 04:34:02
90002,1,cover_letter,Carta de Apresentação - NOR,"## Carta de Apresentação (Cover Letter)

[Seu Nome Completo]
Maria Santos
[Seu Endereço Completo]
[Seu Telefone]
[Seu Email]

**Data:** [Data da Candidatura, ex: 26 de Outubro de 2023]

**Ao Departamento de Recursos Humanos / Gerência de Contratação**
[Nome do Hotel/Empresa, se souber. Caso contrário, use um título genérico]
[Endereço do Hotel/Empresa na Noruega]
Noruega

**Assunto:** Candidatura para Posição de Staff de Hotel – Trabalhador Sazonal

Prezados(as) Senhores(as),

Escrevo para expressar meu grande interesse na posição de Staff de Hotel Sazonal, conforme anunciado. Com três anos de experiência sólida e comprovada no setor de hospitalidade no Brasil, estou entusiasmada com a oportunidade de aplicar minhas habilidades e dedicação em um ambiente internacional, especificamente na Noruega.

Minha trajetória profissional me preparou para ser uma colaboradora eficiente e proativa em diversas áreas essenciais para a operação hoteleira:

*   **Excelência em Atendimento ao Cliente:** Possuo forte habilidade interpessoal e comunicativa, garantindo que todos os hóspedes se sintam bem-vindos e que suas necessidades sejam atendidas de forma rápida e cortês. Meu foco é sempre proporcionar uma experiência positiva e memorável.
*   **Proficiência em Limpeza e Organização:** Tenho vasta experiência em manutenção de padrões rigorosos de higiene e limpeza, seja em áreas comuns ou em quartos de hóspedes, garantindo que o ambiente do hotel esteja sempre impecável e apresentável.
*   **Adaptabilidade Cultural:** Estou ciente das exigências e da cultura de trabalho norueguesa, valorizando a pontualidade, a responsabilidade e o respeito mútuo. Sinto-me pronta para abraçar este desafio sazonal e contribuir positivamente para a equipe local.

Acredito que a oportunidade de trabalhar na Noruega como parte de sua equipe sazonal seria um passo significativo em minha carreira, permitindo-me crescer profissionalmente enquanto contribuo para a excelência do seu serviço. Sou uma profissional dedicada, com alta energia e grande capacidade de trabalhar em equipe sob pressão durante períodos de alta demanda.

Anexo meu currículo para sua análise detalhada. Estou à disposição para uma entrevista por vídeo-chamada no horário mais conveniente para sua equipe.

Agradeço imensamente a sua atenção e aguardo ansiosamente a possibilidade de fazer parte da sua equipe na próxima temporada.

Atenciosamente,

Maria Santos
[Sua Assinatura, se enviada impressa]",pt-BR,NOR,2025-11-25 04:34:08,2025-11-25 04:34:08
120001,1,resume,Currículo - CAN,"## JOÃO SILVA
**Seasonal Farm Worker**

| **Contact** | |
| :--- | :--- |
| **Email:** | joao@example.com |
| **Phone (Brazil):** | +55 11 99999-9999 |
| **Location:** | São Paulo, SP, Brazil |

---

## PROFESSIONAL SUMMARY

Highly dedicated and physically fit Farm Worker with **5 years of hands-on experience** in agricultural environments. Proven ability to execute demanding seasonal tasks efficiently, including large-scale harvesting, equipment operation, and general farm maintenance. Seeking a challenging and productive seasonal farm worker position in Canada where reliability, strong work ethic, and practical agricultural skills are essential.

---

## KEY SKILLS & COMPETENCIES

| Agricultural Skills | Equipment & Machinery | Work Ethic & Reliability |
| :--- | :--- | :--- |
| **Crop Harvesting:** Expertise in manual and mechanized harvesting techniques for various crops (e.g., fruits, vegetables, grains). | **Farm Equipment Operation:** Proficient in operating tractors, cultivators, and utility vehicles. | **Physical Stamina:** Excellent endurance for long hours and physically demanding labor in all weather conditions. |
| **Field Preparation:** Experience with planting, weeding, and irrigation setup. | **Basic Maintenance:** Ability to perform routine checks and minor maintenance on farm tools and equipment. | **Safety Conscious:** Strict adherence to workplace safety protocols and operational guidelines. |
| **Quality Control:** Focused on sorting and packing produce to meet quality standards. | **Tool Proficiency:** Skilled in using standard hand tools (shovels, hoes, pruning shears, etc.). | **Teamwork:** Experience working effectively within diverse teams to meet tight seasonal deadlines. |

---

## PROFESSIONAL EXPERIENCE

**FARM WORKER**
*Various Farms and Agricultural Operations*, São Paulo, Brazil
**[Start Date] – Present (5 Years Experience)**

Dedicated seasonal worker responsible for the full cycle of crop production and general farm operations.

**Core Responsibilities and Achievements:**

*   **Harvesting Operations:** Consistently met or exceeded daily quotas for manual harvesting of various crops, ensuring minimal damage to produce.
*   **Equipment Operation:** Safely and efficiently operated farm machinery (including tractors and loaders) for tasks such as tilling, planting, and moving materials.
*   **Field Maintenance:** Performed essential tasks including weeding, pruning, thinning, and setting up and monitoring irrigation systems (drip and sprinkler).
*   **Post-Harvest Handling:** Assisted with sorting, washing, packing, and loading harvested goods for transport, maintaining high standards of hygiene and quality control.
*   **Physical Labor:** Demonstrated exceptional stamina and reliability working long hours, often in adverse weather conditions, to meet critical seasonal deadlines.
*   **Safety Compliance:** Actively participated in safety briefings and strictly followed all guidelines related to chemical handling, equipment use, and heavy lifting.

---

## EDUCATION

**HIGH SCHOOL DIPLOMA**
[Name of High School], São Paulo, Brazil
[Year of Graduation]

---

## ADDITIONAL INFORMATION

*   **Availability:** Available to begin seasonal work immediately upon visa approval.
*   **Work Ethic:** Highly motivated, punctual, and reliable worker committed to completing the assigned season.
*   **Adaptability:** Proven ability to quickly learn new techniques and adapt to different farm environments and crop requirements.",en,CAN,2025-11-25 04:46:53,2025-11-25 04:46:53
120002,1,cover_letter,Carta de Apresentação - NOR,"## Carta de Apresentação Profissional (Trabalhadora Sazonal - Hotelaria - Noruega)

**[Seus Dados de Contato]**

Maria Santos
[Seu Endereço Completo]
[Seu Telefone com Código do País, ex: +55 (11) 9XXXX-XXXX]
[Seu E-mail Profissional]
[Link para seu LinkedIn (Opcional, mas recomendado)]

**[Data]**
[Cidade, País – ex: São Paulo, Brasil], 15 de maio de 2024

**[Dados do Destinatário/Empresa]**

[Nome do Gerente de Contratação ou ""Departamento de Recursos Humanos""]
[Nome da Empresa/Hotel]
[Endereço da Empresa/Hotel na Noruega]
[Código Postal e Cidade da Noruega]

**Assunto:** Candidatura para Posição de Staff de Hotel – Trabalhadora Sazonal

Prezado(a) Senhor(a) [Sobrenome do Gerente, se souber] ou Prezado(a) Departamento de Recursos Humanos,

Escrevo para expressar meu grande entusiasmo e interesse pela vaga de **Staff de Hotel (Trabalhadora Sazonal)**, conforme anunciado em [Onde você viu a vaga – ex: no site da empresa, no LinkedIn, etc.].

Com três anos de experiência sólida e dedicada no setor de hospitalidade no Brasil, desenvolvi um conjunto robusto de habilidades essenciais para garantir o bom funcionamento e a excelência no atendimento em ambientes hoteleiros. Minha experiência abrange desde o atendimento direto ao cliente até a manutenção rigorosa dos padrões de limpeza e organização.

**Destaques da Minha Experiência e Habilidades:**

*   **Atendimento ao Cliente:** Possuo forte aptidão para lidar com hóspedes de diversas nacionalidades, garantindo que suas necessidades sejam atendidas de forma eficiente e cordial, resultando em experiências positivas e fidelização.
*   **Limpeza e Organização:** Sou detalhista e altamente eficiente na execução de tarefas de limpeza e arrumação de quartos e áreas comuns, seguindo protocolos rigorosos de higiene e segurança.
*   **Adaptabilidade e Proatividade:** Sou uma profissional que trabalha bem sob pressão e demonstro grande iniciativa em identificar e resolver problemas de forma autônoma.

A oportunidade de trabalhar na Noruega, um país reconhecido mundialmente pela sua cultura de trabalho ética, hospitalidade de alta qualidade e beleza natural ímpar, é particularmente motivadora. Estou plenamente consciente da importância do profissionalismo, pontualidade e respeito cultural no ambiente de trabalho norueguês. Estou preparada para abraçar o ritmo e as exigências de uma temporada sazonal intensa.

Minha paixão por oferecer um serviço de excelência, combinada com a minha disposição para aprender rapidamente e integrar-me a uma nova equipe, fazem de mim uma candidata ideal para contribuir significativamente para o sucesso da sua operação hoteleira nesta temporada.

Agradeço a sua atenção e consideração. Anexo meu currículo para sua análise e estou à disposição para uma entrevista por vídeo, onde poderei detalhar como minhas habilidades e meu entusiasmo podem beneficiar o [Nome do Hotel/Empresa].

Atenciosamente,

Maria Santos
***(Assinatura Digital ou Digitação do Nome Completo)***",pt-BR,NOR,2025-11-25 04:47:00,2025-11-25 04:47:00
120003,1,resume,Currículo - CAN,"# JOÃO SILVA
Farm Worker | Crop Harvesting & Equipment Operation Specialist
São Paulo, SP, Brazil | joao@example.com | +55 11 99999-9999

---

## PROFILE SUMMARY

Highly dedicated and physically fit Farm Worker with **5 years of hands-on experience** in agricultural environments. Proven expertise in maximizing crop yield through efficient harvesting techniques, safe operation of farm machinery, and routine maintenance. Seeking a challenging and rewarding seasonal farm worker position in Canada (CAN) where reliability, strong work ethic, and practical skills are valued.

---

## KEY SKILLS

| Category | Skills |
| :--- | :--- |
| **Agricultural Expertise** | Crop Harvesting (manual & mechanized), Planting, Weeding, Irrigation setup, Produce sorting and packaging, Quality control. |
| **Equipment Operation** | Tractors (various models), Tillers, Harvesters (specific types as needed), Loaders, Basic maintenance and repair. |
| **Work Ethic** | High stamina, Reliability, Punctuality, Ability to work long hours in diverse weather conditions, Strong commitment to safety protocols. |
| **Other** | Basic tool use, Team collaboration, Following detailed instructions. |

---

## PROFESSIONAL EXPERIENCE

**FARM WORKER**
*Various Farms and Agricultural Operations*, São Paulo, Brazil
*2018 – Present (5 Years Experience)*

Dedicated farm worker responsible for all phases of the agricultural cycle, consistently delivering quality results under demanding timelines.

**Key Responsibilities & Achievements:**

*   **Harvesting & Production:** Successfully participated in the manual and mechanized harvesting of various crops (e.g., fruits, vegetables, grains), consistently meeting or exceeding daily production quotas.
*   **Equipment Operation:** Safely operated and maintained essential farm machinery, including tractors and specialized harvesting equipment, minimizing downtime and ensuring efficient field work.
*   **Field Preparation:** Executed planting, tilling, and weeding tasks according to seasonal schedules and supervisor instructions, ensuring optimal soil health and crop growth.
*   **Quality Control:** Performed initial sorting and quality checks on harvested produce to ensure suitability for packaging and transport.
*   **Safety & Maintenance:** Adhered strictly to all farm safety regulations (PPE, chemical handling) and performed routine cleaning and basic preventative maintenance on tools and equipment.

---

## EDUCATION

**HIGH SCHOOL DIPLOMA**
*[Name of High School, if applicable]*, São Paulo, Brazil
*Completed [Year]*

---

## ADDITIONAL INFORMATION

*   **Physical Fitness:** Excellent physical condition, capable of lifting heavy loads (up to 50 lbs) and performing repetitive tasks for extended periods.
*   **Availability:** Fully available for the entire seasonal contract duration.
*   **Language:** Portuguese (Native), Basic English comprehension (willingness to improve).
*   **Work Authorization:** Eligible for seasonal worker programs in Canada (CAN).",en,CAN,2025-11-25 04:58:01,2025-11-25 04:58:01
120004,1,cover_letter,Carta de Apresentação - NOR,"## Carta de Apresentação

**Maria Santos**
[Seu Telefone] | [Seu Email] | [Seu LinkedIn/Portfólio, se houver]

[Data]

**[Nome do Gerente de Contratação ou ""Departamento de Recursos Humanos""]**
[Nome do Hotel/Empresa]
[Endereço do Hotel/Empresa]
Noruega

**Assunto:** Candidatura para Posição de Staff de Hotel (Trabalho Sazonal)

Prezado(a) [Nome do Gerente ou Recrutador],

Escrevo para expressar meu grande entusiasmo e interesse pela vaga de Staff de Hotel para a temporada [mencionar a temporada, se souber, ex: de verão/inverno] na Noruega, conforme anunciado em [Onde você viu a vaga, ex: no site da empresa/LinkedIn].

Com três anos de experiência sólida e dedicada na área de hospitalidade, desenvolvi um conjunto de habilidades essenciais para garantir o bom funcionamento e a satisfação dos hóspedes em ambientes hoteleiros exigentes. Minha trajetória profissional me permitiu aprimorar o atendimento ao cliente, com foco em comunicação clara e resolução rápida de problemas, bem como desenvolver alta proficiência em tarefas de limpeza e manutenção de ambientes, garantindo sempre os mais altos padrões de higiene e organização.

Minhas principais qualificações incluem:

*   **Atendimento ao Cliente:** Habilidade comprovada em interagir de forma cortês e eficiente com hóspedes de diversas nacionalidades, antecipando necessidades e garantindo uma experiência memorável.
*   **Limpeza e Organização:** Experiência em *housekeeping*, com atenção meticulosa aos detalhes, essencial para manter a excelência das instalações do hotel.
*   **Adaptabilidade Cultural:** Sou uma profissional proativa, altamente motivada e com grande capacidade de adaptação. Estou ciente e empolgada com a oportunidade de trabalhar no ambiente cultural e profissional norueguês, contribuindo positivamente para a equipe e respeitando os valores locais de eficiência e qualidade.

A oportunidade de vivenciar a cultura norueguesa e contribuir com o sucesso de sua equipe durante a alta temporada é algo que me atrai profundamente. Estou preparada para iniciar o trabalho sazonal com energia total, dedicação e foco em resultados.

Agradeço a sua atenção e o tempo dedicado à análise da minha candidatura. Anexo meu currículo para sua revisão e coloco-me à disposição para uma entrevista, onde poderei detalhar como minhas habilidades e entusiasmo podem beneficiar diretamente o [Nome do Hotel/Empresa].

Atenciosamente,

Maria Santos",pt-BR,NOR,2025-11-25 04:58:06,2025-11-25 04:58:06
120005,1,resume,Currículo - CAN,"## JOÃO SILVA
Farm Worker | Seasonal Agriculture Specialist

**Phone:** +55 11 99999-9999 | **Email:** joao@example.com | **Location:** São Paulo, SP, Brazil

---

### PROFESSIONAL SUMMARY

Highly motivated and physically fit Farm Worker with five years of dedicated experience in agricultural operations. Proven expertise in efficient crop harvesting, safe equipment operation, and maintaining high productivity standards in diverse farming environments. Seeking a challenging seasonal Farm Worker position in Canada (CAN) where reliability, strong work ethic, and practical skills are valued.

---

### KEY SKILLS & COMPETENCIES

| Category | Skills |
| :--- | :--- |
| **Agricultural Operations** | Crop Harvesting (various types), Field Preparation, Planting, Weeding, Irrigation Management, Post-Harvest Handling. |
| **Equipment Operation** | Tractors, Tillage Equipment, Seed Drills, Harvesters (basic operation), ATVs/Utility Vehicles, Basic Maintenance. |
| **Work Ethic** | Punctuality, Physical Stamina, Ability to work long hours, Team Collaboration, Following strict safety protocols. |
| **Safety & Quality** | Workplace Safety Compliance, Manual Handling Techniques, Quality Control for harvested goods. |

---

### PROFESSIONAL EXPERIENCE

**FARM WORKER**
*Various Farms, São Paulo Region, Brazil*
*2018 – Present (5 Years)*

Dedicated and reliable farm worker responsible for all phases of the crop cycle, ensuring timely and quality outputs.

**Key Responsibilities & Achievements:**

*   **Harvesting Efficiency:** Consistently met or exceeded daily quotas for manual harvesting of various crops (e.g., vegetables, fruits, grains), ensuring minimal damage and optimal yield.
*   **Equipment Operation:** Safely operated and performed routine checks on farm machinery, including tractors and specialized field equipment, to prepare land and assist with planting.
*   **Physical Labor:** Demonstrated exceptional physical stamina and endurance, successfully performing demanding manual tasks such as lifting heavy loads, digging, and repetitive bending for extended periods in various weather conditions.
*   **Field Maintenance:** Assisted in setting up and maintaining irrigation systems, managed weeding, and applied fertilizers under supervision.
*   **Teamwork & Safety:** Worked effectively as part of a small team, communicating clearly to coordinate tasks and strictly adhering to all farm safety regulations and protocols.

---

### EDUCATION

**HIGH SCHOOL DIPLOMA**
*[Name of High School, City, State, Brazil]*
*Completed [Year]*

---

### ADDITIONAL INFORMATION

*   **Availability:** Fully available for the upcoming seasonal contract period.
*   **Physical Condition:** Excellent physical health and proven ability to handle the rigorous demands of agricultural labor.
*   **Work Ethic:** Highly committed to punctuality and completing tasks with diligence and attention to detail.",en,CAN,2025-11-25 05:03:48,2025-11-25 05:03:48
120006,1,cover_letter,Carta de Apresentação - NOR,"## Carta de Apresentação Profissional (PT-BR)

[Seu Nome Completo]
[Seu Endereço]
[Seu Telefone]
[Seu E-mail]

**[Data]**

**[Nome do Gerente de Contratação ou ""Departamento de Recursos Humanos""]**
**[Nome do Hotel/Empresa]**
**[Endereço do Hotel/Empresa na Noruega]**
**[Código Postal e Cidade – Noruega]**

**Assunto: Candidatura para Vaga de Equipe Hoteleira Sazonal – Maria Santos**

Prezado(a) Senhor(a) [Sobrenome do Gerente, se conhecido] ou Prezado(a) Departamento de Recursos Humanos,

Escrevo para expressar meu grande interesse na posição de Equipe Hoteleira Sazonal (Hotel Staff), conforme anunciado. Com três anos de experiência sólida no setor de hospitalidade no Brasil, estou entusiasmada com a oportunidade de aplicar minhas habilidades e dedicação em um ambiente internacional, especialmente na Noruega.

Minha trajetória profissional me proporcionou uma compreensão profunda das demandas de um serviço de alta qualidade. Ao longo dos últimos três anos, desenvolvi proficiência em:

*   **Atendimento ao Cliente:** Habilidade comprovada em lidar com hóspedes de diversas origens, garantindo que suas necessidades sejam atendidas de forma proativa e cortês, resultando em experiências positivas e fidelização.
*   **Serviços de Limpeza e Manutenção (Housekeeping):** Experiência em manter os mais altos padrões de higiene e organização em quartos e áreas comuns, garantindo que o ambiente do hotel seja sempre acolhedor e impecável.

Sou uma profissional altamente motivada, conhecida por minha ética de trabalho rigorosa e minha capacidade de adaptação rápida a novos processos e equipes. A perspectiva de trabalhar em um país com a reputação de excelência e hospitalidade como a Noruega é particularmente atraente. Valorizo a cultura de eficiência e o respeito pelo trabalho que o ambiente norueguês proporciona, e estou ansiosa para contribuir positivamente para a temporada de [mencionar a estação, se souber, ex: verão/inverno].

Estou disponível para iniciar o trabalho na data necessária e possuo toda a documentação necessária para o trabalho sazonal na Noruega. Tenho grande entusiasmo em oferecer um serviço de excelência que complemente a reputação do seu estabelecimento.

Agradeço a sua atenção e o tempo dedicado à análise da minha candidatura. Coloco-me à disposição para uma entrevista por vídeo para discutir como minhas qualificações podem beneficiar sua equipe nesta temporada.

Atenciosamente,

Maria Santos
[Sua Assinatura (se for cópia impressa)]",pt-BR,NOR,2025-11-25 05:03:54,2025-11-25 05:03:54
120007,1,resume,Currículo - CAN,"## JOÃO SILVA
Farm Worker | Seasonal Agriculture Specialist

| Contact | |
| :--- | :--- |
| **Email:** | joao@example.com |
| **Phone (Brazil):** | +55 11 99999-9999 |
| **Location:** | São Paulo, SP, Brazil |

---

## PROFESSIONAL SUMMARY

Highly dedicated and physically fit Farm Worker with **5 years of hands-on experience** in agricultural operations, specializing in large-scale crop harvesting and farm equipment operation. Seeking a challenging seasonal farm worker position in Canada (CAN) where reliability, efficiency, and practical skills are valued. Proven ability to adapt quickly to new environments and maintain high productivity under demanding schedules.

---

## CORE COMPETENCIES & SKILLS

| Agricultural Skills | Equipment & Machinery | Professional Attributes |
| :--- | :--- | :--- |
| **Crop Harvesting:** Expertise in manual and mechanized harvesting techniques (e.g., fruits, vegetables, grains). | **Tractor Operation:** Proficient in operating standard farm tractors for various tasks (tillage, hauling, planting). | **Physical Stamina:** Excellent endurance for long hours, heavy lifting, and repetitive tasks in all weather conditions. |
| **Plant Care:** Irrigation management, weeding, pruning, and application of fertilizers/pesticides (following safety protocols). | **Farm Implements:** Experience with tillers, seed drills, sprayers, and specialized harvesting machinery. | **Safety Conscious:** Strict adherence to workplace health and safety regulations (WHMIS knowledge desirable). |
| **Post-Harvest Handling:** Sorting, grading, packing, and preparing produce for transport while maintaining quality standards. | **Basic Maintenance:** Performing routine checks and minor maintenance on equipment to minimize downtime. | **Teamwork & Reliability:** Strong work ethic, punctual, and capable of working effectively both independently and as part of a large team. |

---

## PROFESSIONAL EXPERIENCE

**FARM WORKER (Seasonal & Full-Time)**
*Various Agricultural Operations, São Paulo Region, Brazil*
| **Dates:** | [Month, Year] – Present (Total 5 Years Experience) |

**Key Responsibilities and Achievements:**

*   **Harvesting Efficiency:** Consistently met or exceeded daily production quotas during peak harvest seasons by employing efficient manual and mechanical techniques.
*   **Equipment Operation:** Safely operated and managed heavy agricultural machinery, including tractors and specialized harvesting equipment, ensuring optimal field preparation and crop yield.
*   **Quality Control:** Managed the sorting, grading, and packing of harvested crops, ensuring product quality met standards required for market distribution.
*   **Field Maintenance:** Executed essential farm tasks including planting, weeding, thinning, and irrigation setup/monitoring across diverse crop types.
*   **Workplace Safety:** Actively participated in safety briefings and ensured all tasks were performed in compliance with farm safety regulations, resulting in zero reported incidents.
*   **Adaptability:** Successfully worked across various farm environments, demonstrating flexibility in handling different crops (e.g., coffee, citrus, grains) and adapting quickly to new tools and procedures.

---

## EDUCATION

**HIGH SCHOOL DIPLOMA**
[Name of High School, City, Brazil]
*Graduation Year: [Year]*

---

## ADDITIONAL INFORMATION

*   **Availability:** Immediately available for seasonal work opportunities.
*   **Commitment:** Highly committed to completing the full term of the seasonal contract.
*   **Language:** Portuguese (Native), Basic English (Willingness to improve).

***

*References and detailed work history available upon request.*",en,CAN,2025-11-25 05:07:57,2025-11-25 05:07:57
120008,1,cover_letter,Carta de Apresentação - NOR,"## Carta de Apresentação Profissional (PT-BR)

**[Seu Nome Completo]**
Maria Santos
[Seu Endereço Completo]
[Seu Telefone]
[Seu Email]
[Seu Perfil no LinkedIn (Opcional)]

**[Data]**

**[Nome do Gerente de Contratação ou ""Departamento de Recursos Humanos""]**
[Nome da Empresa/Hotel]
[Endereço da Empresa/Hotel na Noruega]
[CEP e Cidade da Noruega]

**Assunto: Candidatura para Vaga Sazonal de Hotel Staff – Maria Santos**

Prezado(a) Senhor(a) [Sobrenome do Gerente, se souber, ou use ""Gerente de Contratação""],

Escrevo para expressar meu grande entusiasmo pela oportunidade de integrar a equipe do [Nome do Hotel/Empresa] como Hotel Staff Sazonal, conforme anunciado. Com três anos de experiência sólida na área de hospitalidade, estou confiante de que minhas habilidades e minha dedicação ao serviço de excelência me tornam uma candidata ideal para esta posição na Noruega.

Durante meus três anos de atuação em [Mencionar o tipo de estabelecimento, ex: hotéis e resorts], desenvolvi um conjunto robusto de habilidades essenciais para o sucesso em um ambiente hoteleiro dinâmico. Minha experiência abrange:

*   **Atendimento ao Cliente:** Proficiência em garantir que todos os hóspedes tenham uma experiência positiva e memorável, lidando com solicitações e resolvendo problemas de forma eficiente e cortês.
*   **Limpeza e Organização (Housekeeping):** Habilidade comprovada em manter os mais altos padrões de higiene e apresentação em quartos e áreas comuns, garantindo a satisfação e o conforto dos hóspedes.

A possibilidade de trabalhar em um ambiente internacional, especificamente na Noruega, é extremamente motivadora. Tenho grande respeito pela cultura norueguesa, conhecida por sua ética de trabalho rigorosa, pontualidade e foco na qualidade. Estou preparada para me adaptar rapidamente a um novo ambiente de trabalho e contribuir positivamente para a reputação de excelência do [Nome do Hotel/Empresa].

Sou uma profissional proativa, com forte senso de responsabilidade e excelente capacidade de trabalhar tanto de forma independente quanto em equipe. Estou ansiosa para aplicar minhas habilidades práticas e minha energia positiva para garantir que a temporada de [Mencionar a estação, ex: verão/inverno] seja um sucesso para o hotel.

Agradeço a sua atenção e o tempo dedicado à análise da minha candidatura. Coloco-me à disposição para uma entrevista por vídeo, onde poderei detalhar melhor minhas qualificações e demonstrar meu entusiasmo em contribuir com a sua equipe na Noruega.

Atenciosamente,

Maria Santos
[Sua Assinatura, se for impressa]",pt-BR,NOR,2025-11-25 05:08:02,2025-11-25 05:08:02
150001,1,resume,Currículo - CAN,"## JOÃO SILVA
São Paulo, SP, Brazil | joao@example.com | +55 11 99999-9999

---

## PROFESSIONAL SUMMARY

Highly dedicated and physically fit Farm Worker with **5 years of hands-on experience** in diverse agricultural settings. Proven ability to execute tasks efficiently, operate machinery safely, and maintain high productivity standards during peak harvest seasons. Seeking a challenging seasonal Farm Worker position in Canada (CAN) where strong work ethic and expertise in crop handling and equipment operation are valued.

---

## KEY SKILLS

| Category | Skills |
| :--- | :--- |
| **Agricultural Expertise** | Crop Harvesting (manual and mechanized), Planting, Weeding, Irrigation setup and monitoring, Post-harvest handling, Quality control. |
| **Equipment Operation** | Tractors (various sizes), Loaders, Tillers, Harvesters (basic operation/assistance), Routine maintenance checks. |
| **Work Ethic & Safety** | Physically demanding work capacity, Punctuality, Team collaboration, Adherence to safety protocols (PPE, equipment checks), Repetitive task endurance. |
| **Language** | Portuguese (Native), English (Basic/Conversational) |

---

## PROFESSIONAL EXPERIENCE

**FARM WORKER**
*Various Farms and Agricultural Operations*, São Paulo State, Brazil
*[Start Date] – Present (5 Years Total Experience)*

Dedicated farm worker responsible for all phases of the crop cycle, ensuring maximum yield and product quality.

**Key Contributions:**

*   **Harvesting & Processing:** Successfully participated in five consecutive harvest seasons, consistently meeting daily quotas for manual picking and sorting of various crops (e.g., fruits, vegetables, grains).
*   **Equipment Operation:** Operated and assisted in the maintenance of essential farm machinery, including tractors and basic tillage equipment, ensuring readiness for planting and harvesting.
*   **Physical Labor:** Demonstrated exceptional stamina and endurance by performing physically demanding tasks in various weather conditions, including heavy lifting and extended periods of standing/bending.
*   **Quality Control:** Followed strict guidelines for identifying and separating damaged or substandard produce, maintaining the integrity of the harvested product.
*   **Team Collaboration:** Worked effectively within small teams to complete large-scale tasks under tight deadlines, prioritizing efficiency and safety.

---

## EDUCATION

**HIGH SCHOOL DIPLOMA**
[Name of Institution, City, State]
[Year of Graduation]

---

## ADDITIONAL INFORMATION

*   **Availability:** Immediately available for seasonal work.
*   **Work Readiness:** Fully prepared to work long hours, including weekends and holidays, during critical planting and harvesting periods.
*   **Visa Status:** (If applicable, state clearly, e.g., ""Ready to apply for Temporary Foreign Worker Program (TFWP) visa."")",en,CAN,2025-11-25 05:21:20,2025-11-25 05:21:20
150002,1,cover_letter,Carta de Apresentação - NOR,"## Carta de Apresentação Profissional (Modelo Sazonal - Noruega)

**[Seu Nome Completo]**
Maria Santos
[Seu Endereço de E-mail]
[Seu Número de Telefone/WhatsApp com Código do País]
[Seu Perfil no LinkedIn, se houver]

**[Data]**

**[Nome do Gerente de Contratação, se souber. Caso contrário, use o título.]**
Departamento de Recursos Humanos
[Nome do Hotel/Empresa]
[Endereço do Hotel/Empresa na Noruega]
Noruega

**Assunto:** Candidatura para Posição de Staff de Hotel (Trabalho Sazonal)

Prezado(a) [Sr./Sra. Sobrenome do Gerente ou A quem interessar],

Escrevo para expressar meu grande interesse na posição de Staff de Hotel para a temporada [Mencione a temporada, ex: verão/inverno de 2024], conforme anunciado em [Onde você viu o anúncio, ex: site da empresa, plataforma de recrutamento]. Sendo uma profissional brasileira com sólida experiência em hospitalidade, estou entusiasmada com a oportunidade de contribuir para a excelência do serviço oferecido por sua renomada equipe na Noruega.

Ao longo dos meus **três anos de experiência** no setor de hotelaria, desenvolvi uma forte ética de trabalho e a capacidade de prosperar em ambientes dinâmicos e multiculturais. Minhas principais competências incluem:

*   **Atendimento ao Cliente (Customer Service):** Habilidade comprovada em interagir com hóspedes de diversas nacionalidades, garantindo que todas as suas necessidades sejam atendidas com cordialidade, eficiência e um alto nível de profissionalismo.
*   **Limpeza e Manutenção (Housekeeping):** Proficiência em manter os padrões de higiene e organização exigidos em hotéis de alta qualidade, garantindo que os quartos e áreas comuns estejam sempre impecáveis e prontos para uso.
*   **Flexibilidade e Proatividade:** Capacidade de me adaptar rapidamente a diferentes funções e horários, essencial para o ritmo acelerado e as demandas variáveis do trabalho sazonal.

Aprecio profundamente a cultura norueguesa, conhecida por seu alto padrão de qualidade de vida, eficiência e respeito ao meio ambiente. Sinto-me plenamente preparada para abraçar o desafio do trabalho sazonal em um novo país, e estou particularmente motivada pela possibilidade de oferecer um serviço de excelência que reflita o profissionalismo e a hospitalidade que seus hóspedes esperam.

Sou uma pessoa dedicada, responsável e com grande facilidade de aprendizado. Estou disposta a me integrar rapidamente à equipe e a seguir rigorosamente todos os procedimentos e padrões de segurança exigidos.

Agradeço imensamente o seu tempo e consideração. Anexo meu currículo para sua análise detalhada e estou à disposição para uma entrevista por vídeo, no horário que for mais conveniente para a sua equipe.

Atenciosamente,

Maria Santos",pt-BR,NOR,2025-11-25 05:21:26,2025-11-25 05:21:26
150003,1,resume,Currículo - CAN,"## JOÃO SILVA
Farm Worker | Seasonal Agriculture Specialist

**Phone:** +55 11 99999-9999 | **Email:** joao@example.com
**Location:** São Paulo, SP, Brazil

---

### PROFESSIONAL SUMMARY

Highly motivated and physically fit farm worker with **five years of dedicated experience** in agricultural operations, specializing in efficient crop harvesting and the safe operation of farm machinery. Seeking a challenging seasonal farm worker position in Canada (CAN) to contribute strong work ethic, reliability, and practical expertise to maximize seasonal productivity. Proven ability to work long hours in diverse weather conditions and quickly integrate into new team environments.

---

### CORE COMPETENCIES

| Agricultural Operations | Equipment & Machinery | Work Ethic & Safety |
| :--- | :--- | :--- |
| **Crop Harvesting (Manual & Mechanical)** | Tractor Operation (Basic Maintenance) | Strict adherence to safety protocols |
| Planting and seeding techniques | Power tools and hand tools proficiency | Physically capable of heavy lifting |
| Field preparation and maintenance | Basic equipment troubleshooting | Reliable, punctual, and adaptable |
| Irrigation and watering systems | Forklift/Skid Steer (if applicable, specify) | Team collaboration and communication |

---

### PROFESSIONAL EXPERIENCE

**FARM WORKER (Seasonal & Full-Time)**
*Various Farms and Agricultural Operations*, São Paulo, Brazil
**Dates:** [Start Year] – Present (5 Years Total Experience)

*Provide 3-4 strong, action-oriented bullet points detailing responsibilities and achievements relevant to the target role.*

*   **Harvesting Expertise:** Consistently performed high-volume, quality-focused harvesting of various crops (e.g., [Specify 2-3 common crops like corn, soybeans, fruits, or vegetables]) using both manual techniques and specialized mechanical equipment to meet strict production deadlines.
*   **Equipment Operation:** Safely and efficiently operated essential farm machinery, including tractors, tillers, and specialized planting equipment, ensuring proper pre-operation checks and routine lubrication/maintenance.
*   **Field Maintenance:** Executed tasks related to field preparation, including soil tilling, fertilization application, weeding, and setting up and monitoring irrigation systems.
*   **Physical Stamina:** Demonstrated exceptional physical endurance and resilience, successfully completing demanding tasks and working extended hours in various weather conditions (heat, cold, rain) during peak seasons.
*   **Team Collaboration:** Worked effectively under the supervision of farm managers and collaborated closely with diverse teams to ensure smooth workflow and timely completion of daily operational goals.

---

### SKILLS & TECHNICAL PROFICIENCY

**Farm Skills:**
*   Manual Harvesting (e.g., fruits, vegetables)
*   Mechanical Harvesting (operation and monitoring)
*   Field Preparation (plowing, tilling)
*   Pest and Weed Control Application (non-certified assistance)
*   Loading and Unloading heavy materials

**Equipment Operation:**
*   Tractor Operation (low-to-medium horsepower)
*   Basic Farm Implements (plows, harrows, seeders)
*   General Hand Tools and Power Tools

**Language:**
*   Portuguese (Native)
*   [If basic English or French is spoken, add here: English (Basic Conversational)]

---

### EDUCATION

**HIGH SCHOOL DIPLOMA**
[Name of High School], São Paulo, Brazil
[Year of Graduation]

---

### AVAILABILITY

Available to travel and begin seasonal work immediately upon approval of necessary permits and visas. Highly committed to fulfilling the entire duration of the seasonal contract.",en,CAN,2025-11-25 05:28:52,2025-11-25 05:28:52
150004,1,cover_letter,Carta de Apresentação - NOR,"## Carta de Apresentação (Cover Letter)

**Assunto:** Candidatura para Posição de Staff de Hotel (Sazonal) – Maria Santos

[Data Completa, ex: 15 de Outubro de 2023]

[Nome do Gerente de Contratação ou ""Departamento de Recursos Humanos""]
[Nome do Hotel/Empresa]
[Endereço do Hotel/Empresa na Noruega]
[Código Postal e Cidade – Noruega]

**Prezado(a) [Nome do Gerente de Contratação, se souber, ou utilize ""Gerente de Contratação""],**

Escrevo para expressar meu grande interesse na posição de Staff de Hotel Sazonal, conforme anunciado. Com três anos de experiência sólida no setor de hospitalidade no Brasil, estou entusiasmada com a oportunidade de aplicar minhas habilidades e dedicação em um ambiente internacional, como o seu estabelecimento na Noruega.

Minha experiência profissional me proporcionou um profundo entendimento das demandas operacionais de um hotel. Sou proficiente em duas áreas cruciais para a excelência em serviços:

1.  **Atendimento ao Cliente:** Possuo um histórico comprovado em garantir a satisfação do hóspede, lidando com consultas, resolvendo problemas de forma eficiente e mantendo uma postura profissional e acolhedora em todos os momentos.
2.  **Limpeza e Organização (Housekeeping):** Sou meticulosa e eficiente em manter os mais altos padrões de higiene e apresentação, garantindo que os quartos e áreas comuns estejam sempre impecáveis e prontos para receber os hóspedes.

Aprecio a reputação de excelência e a cultura de trabalho profissional da Noruega. Estou particularmente motivada a trabalhar em um ambiente que valoriza a eficiência e o alto padrão de qualidade. Como trabalhadora sazonal, sou flexível, adaptável e estou totalmente preparada para cumprir horários variados, incluindo fins de semana e feriados, e contribuir ativamente para o sucesso da sua equipe durante o período de maior movimento.

Sou uma profissional proativa, com forte ética de trabalho, e estou ansiosa para demonstrar minha capacidade de integração e meu entusiasmo em aprender novos processos. Acredito que minha experiência em hospitalidade, combinada com minha energia e disposição para abraçar novos desafios culturais, me torna uma candidata ideal para esta função sazonal.

Agradeço a sua atenção e o tempo dedicado à análise da minha candidatura. Anexo meu currículo para sua revisão e estou à disposição para uma entrevista por vídeo, onde poderei detalhar como minhas habilidades podem beneficiar diretamente a sua equipe.

Atenciosamente,

Maria Santos
[Seu Telefone de Contato (com código internacional)]
[Seu E-mail Profissional]",pt-BR,NOR,2025-11-25 05:28:59,2025-11-25 05:28:59
